modelloading.start,1743606159141
modelloading.end,1743606161378
prefill.0.start,1743606161384
prefill.0.end,1743606180230
reason.0.end,1743606181102
decode.0.end,1743606181126
sleep.0.start,1743606181143
sleep.0.end,1743606186144
prefill.1.start,1743606186239
prefill.1.end,1743606200686
reason.1.end,1743606202436
decode.1.end,1743606202453
sleep.1.start,1743606202456
sleep.1.end,1743606207457
prefill.2.start,1743606207473
prefill.2.end,1743606221382
reason.2.end,1743606223958
decode.2.end,1743606223968
sleep.2.start,1743606223973
sleep.2.end,1743606228974
prefill.3.start,1743606229002
prefill.3.end,1743606243059
reason.3.end,1743606245287
decode.3.end,1743606245301
